wsi_name,bgr_intensity
TCGA-DD-AACK-01Z-00-DX1.9B507BB8-18D5-419A-AEB4-5B71ECAECDAC.svs,[243. 243. 243.]
TCGA-2V-A95S-01Z-00-DX1.9DFA6FC7-87A6-4C14-9A39-E3F12B01C4D4.svs,[237. 235. 235.]
TCGA-2Y-A9GS-01Z-00-DX1.75C5CEF1-6C8B-42FF-82F6-9A05621E9A80.svs,[240. 240. 240.]
TCGA-2Y-A9GT-01Z-00-DX1.30666775-3556-4DFE-A5EC-8CCF8EEB1803.svs,[242. 243. 241.]
TCGA-2Y-A9GU-01Z-00-DX1.700CBBD7-9F58-470D-A85B-C7BAE5608018.svs,[241. 242. 240.]
TCGA-2Y-A9GV-01Z-00-DX1.524FA6DD-7C84-425C-A2B5-17690DF50A28.svs,[242. 242. 241.]
TCGA-2Y-A9GW-01Z-00-DX1.71805205-933D-4D72-A4A2-586DC5490D76.svs,[242. 242. 241.]
TCGA-2Y-A9GX-01Z-00-DX1.DC3E1EAB-686A-44F9-91AF-0C6975DE029E.svs,[239. 239. 238.]
TCGA-2Y-A9GY-01Z-00-DX1.9AF8DAB8-B99C-4484-A065-20E7345E1FF4.svs,[242. 243. 241.]
TCGA-2Y-A9GZ-01Z-00-DX1.4E8C9A7D-D21D-4B6E-8C1B-DC520309AB91.svs,[238. 239. 238.]
TCGA-2Y-A9H1-01Z-00-DX1.FE4D124E-AB92-4083-8D09-F025B0C637EB.svs,[239. 239. 239.]
TCGA-2Y-A9H2-01Z-00-DX1.D1B4968D-8AAD-4F12-8447-6FC752E8DDE4.svs,[240. 241. 240.]
TCGA-2Y-A9H3-01Z-00-DX1.813C14D8-DBBC-43AF-9E3A-9EFC1D1AFC98.svs,[238. 237. 237.]
TCGA-2Y-A9H4-01Z-00-DX1.897C9E71-7FD7-4229-9A95-F61AE43D0FDA.svs,[242. 243. 241.]
TCGA-2Y-A9H5-01Z-00-DX1.08348C3C-A16F-45F6-8AE9-D0613268D703.svs,[238. 238. 237.]
TCGA-2Y-A9H6-01Z-00-DX1.B805A8D8-B75D-449F-8D1A-8E948ED12757.svs,[242. 243. 241.]
TCGA-2Y-A9H7-01Z-00-DX1.E61F4D00-5D48-412C-A6EB-DD731C5A3ECE.svs,[241. 242. 241.]
TCGA-2Y-A9H8-01Z-00-DX1.1993AB53-D47B-4E15-BC97-B9E4B1F40A80.svs,[240. 240. 240.]
TCGA-2Y-A9H9-01Z-00-DX1.4C1CCB4D-6011-4275-B562-28BFFA5F0C7F.svs,[242. 243. 241.]
TCGA-2Y-A9HB-01Z-00-DX1.ECF68E86-4D45-4545-A1D2-184D5ED38C3C.svs,[242. 242. 241.]
TCGA-4R-AA8I-01Z-00-DX1.99273858-6CCB-4AD3-8FFF-9E47293F0CD6.svs,[242. 242. 242.]
TCGA-5C-A9VG-01Z-00-DX1.BB05C938-5C51-4A15-925C-54C4FE0C6280.svs,[242. 242. 242.]
TCGA-5R-AA1C-01Z-00-DX1.DC038B55-4002-406D-B9DD-2A4BFDB03A61.svs,[242. 242. 241.]
TCGA-5R-AA1D-01Z-00-DX1.3B9C354E-7523-479C-955D-7D409D475C0C.svs,[241. 241. 241.]
TCGA-5R-AAAM-01Z-00-DX1.827D5EA8-7603-4F83-B6C1-32DC9F56D7B8.svs,[243. 244. 243.]
TCGA-BC-4072-01Z-00-DX1.8D27B669-CD01-4018-828E-1B87AA1649B5.svs,[242. 242. 241.]
TCGA-BC-4073-01Z-00-DX1.2719E599-CE6A-41B9-8134-FA09FE58F94D.svs,[242. 242. 242.]
TCGA-BC-A10R-01Z-00-DX1.6A5135A9-04DB-42B5-AD16-5DC224CCAA2B.svs,[242. 242. 242.]
TCGA-BC-A10T-01Z-00-DX1.2F634D24-C571-49E1-ACAE-B19F8AFF71D3.svs,[242. 242. 241.]
TCGA-BC-A10U-01Z-00-DX1.6EF0CB11-CB54-4469-B5C8-2C21B733A138.svs,[242. 242. 242.]
TCGA-BC-A10Y-01Z-00-DX1.C03EC762-45F6-40B4-927F-3D2162389FAD.svs,[242. 242. 241.]
TCGA-BC-A10Z-01Z-00-DX1.4AB6A0FC-31FD-4399-B58B-EAB6953AFBFE.svs,[242. 242. 242.]
TCGA-BC-A110-01Z-00-DX1.E46C2B24-A159-4970-82B8-8F6CD60FDFB0.svs,[242. 242. 241.]
TCGA-BC-A112-01Z-00-DX1.4CC4A845-25F1-4DC2-8142-9990A66E9C1B.svs,[242. 242. 242.]
TCGA-BC-A216-01Z-00-DX1.6B5FFDF4-3E96-4B6A-8E1E-F4567CA04FCE.svs,[242. 242. 241.]
TCGA-BC-A217-01Z-00-DX1.E15D9B32-F809-40D8-846B-2334447B80C0.svs,[242. 243. 242.]
TCGA-BC-A3KF-01Z-00-DX1.F3B071B2-8C62-4867-8F60-6E207BE1EDF4.svs,[242. 242. 242.]
TCGA-BC-A3KG-01Z-00-DX1.FC63E3C7-C7AF-45F0-8DD4-7968B8425C09.svs,[242. 242. 242.]
TCGA-BC-A5W4-01Z-00-DX1.57017E96-B611-420D-BEED-021B928A1BA8.svs,[242. 242. 242.]
TCGA-DD-AAD1-01Z-00-DX1.819657B9-773A-4E85-9D8B-C9EB580FAD87.svs,[242. 242. 241.]
TCGA-DD-AAD2-01Z-00-DX1.B91E4434-883A-43B5-8655-993FA4472F73.svs,[243. 243. 243.]
TCGA-DD-AAD3-01Z-00-DX1.DB86DCF0-4571-4E47-BDA5-FFD44D7D950E.svs,[242. 242. 242.]
TCGA-DD-AAD5-01Z-00-DX1.3BFFFADC-EED3-44D3-8FA8-C31BB0D6DF91.svs,[241. 240. 241.]
TCGA-DD-AAD6-01Z-00-DX1.FC66F738-8A41-473A-91A2-3C541294E934.svs,[242. 242. 242.]
TCGA-DD-AAD8-01Z-00-DX1.7D3A7FA8-A5FE-49C4-9C45-4F4775278937.svs,[242. 241. 241.]
TCGA-DD-AADA-01Z-00-DX1.9008B43F-5955-44BB-9CDE-0294750C6F09.svs,[242. 242. 242.]
TCGA-DD-AADB-01Z-00-DX1.F708320D-E595-4196-B133-E097E9C8FC80.svs,[241. 241. 241.]
TCGA-DD-AADC-01Z-00-DX1.6ABF7688-3709-4196-8AC4-9143E29CEBB8.svs,[241. 241. 241.]
TCGA-DD-AADD-01Z-00-DX1.CE7194E0-40B5-4377-A682-A7060E4D41F3.svs,[241. 241. 241.]
TCGA-DD-AADF-01Z-00-DX1.953F6603-2A57-4BB0-B402-46CCB7940751.svs,[242. 241. 241.]
TCGA-DD-AADG-01Z-00-DX1.0E38633E-5352-4190-9D58-82753F7BA25E.svs,[241. 241. 241.]
TCGA-2Y-A9H0-01Z-00-DX1.E1725D1E-B135-47B3-820B-BEE1FC4EDCF0.svs,[241. 243. 240.]
TCGA-2Y-A9HA-01Z-00-DX1.207BE113-34E5-4C03-BE26-96E6CFDA9D9B.svs,[242. 243. 241.]
TCGA-BC-A10S-01Z-00-DX1.46F51037-D467-4D86-BF3E-9C0266EF556B.svs,[242. 242. 241.]
TCGA-BC-A69H-01Z-00-DX1.22CA7EA4-B8EC-444C-90AA-33095CC53585.svs,[242. 242. 242.]
TCGA-CC-A3M9-01Z-00-DX1.64A68473-D774-44E0-9569-BD3FECAC6C19.svs,[242. 243. 243.]
TCGA-CC-A8HS-01Z-00-DX1.267BA6C7-41E1-4E93-AB80-ECB6D082F49E.svs,[235. 233. 224.]
TCGA-DD-A115-01Z-00-DX1.4F34B908-9F29-48E7-A0AD-B12A6D2A46EF.svs,[242. 242. 242.]
TCGA-DD-A1EK-01Z-00-DX1.676881B7-C16A-4097-9859-97B0340A64D1.svs,[242. 242. 242.]
TCGA-DD-A3A3-01Z-00-DX1.D9CBC005-147C-466B-977C-1E552F11B210.svs,[242. 241. 241.]
TCGA-DD-A4NI-01Z-00-DX2.B64DFCB6-8417-4EEF-ACB9-3CAB61D6C50D.svs,[242. 242. 242.]
TCGA-DD-A73B-01Z-00-DX1.11B9A0BD-56CF-48C7-AC39-ABC5D22F0D94.svs,[234. 234. 235.]
TCGA-DD-A73G-01Z-00-DX2.66AD1B8B-5228-48D9-B77B-F4C4063B850D.svs,[242. 242. 242.]
TCGA-G3-AAV7-01Z-00-DX1.111A52E5-5FBA-4340-9246-FEFA8BC71CCF.svs,[241. 241. 241.]
TCGA-GJ-A3OU-01Z-00-DX1.D8918714-EAF7-4CF6-92E3-8DB663E99DF1.svs,[241. 242. 241.]
TCGA-GJ-A6C0-01Z-00-DX1.325975E0-8CCF-42D7-8564-8AC5CED629A8.svs,[241. 241. 241.]
TCGA-GJ-A9DB-01Z-00-DX1.50694A1D-1AC4-46BF-B89A-C3825B79A55A.svs,[242. 243. 243.]
TCGA-HP-A5MZ-01Z-00-DX1.296DB311-8B9E-4A98-B53A-39BC2EB4A548.svs,[242. 242. 242.]
TCGA-HP-A5N0-01Z-00-DX1.DD11B335-405C-4724-8F16-236CFCA37854.svs,[241. 241. 241.]
TCGA-K7-A5RF-01Z-00-DX1.0B1FE587-D6F7-40E4-8F18-B37948336845.svs,[239. 238. 240.]
TCGA-K7-A5RG-01Z-00-DX1.D8137CB8-34DC-41C0-AE4B-BD3C1E8E9743.svs,[238. 237. 236.]
TCGA-K7-A6G5-01Z-00-DX1.6681DB17-D11D-40DE-829C-2DB425BD3083.svs,[243. 243. 242.]
TCGA-LG-A6GG-01Z-00-DX1.555A978B-70AE-4202-A929-E19C0B7D215A.svs,[242. 242. 242.]
TCGA-LG-A9QC-01Z-00-DX1.7475A364-8CC0-49E9-8B26-EBD1789CAF70.svs,[242. 243. 242.]
TCGA-LG-A9QD-01Z-00-DX1.77169EDD-9A62-4B92-9087-942DDC3C6F47.svs,[242. 243. 242.]
TCGA-MI-A75C-01Z-00-DX1.468BA4AC-A7CB-499C-B98D-C1BEF4AA8867.svs,[241. 241. 241.]
TCGA-MI-A75E-01Z-00-DX1.892E6332-5334-4C9E-99D9-6CA0A6B95CC7.svs,[242. 242. 242.]
TCGA-MI-A75E-01Z-00-DX2.5B483422-924E-4366-80B7-EB65450B56C8.svs,[243. 243. 243.]
TCGA-MI-A75G-01Z-00-DX1.DD5C8CC3-D7CF-4DB6-B222-86609387D44C.svs,[242. 243. 242.]
TCGA-MI-A75H-01Z-00-DX1.D5B04DB6-17F2-4F57-95DC-8CF944F44C31.svs,[241. 241. 241.]
TCGA-MI-A75I-01Z-00-DX1.63CB4BDB-4924-45EE-9F4D-94869FB1E2E5.svs,[241. 242. 241.]
TCGA-DD-A4NJ-01Z-00-DX1.93D04C1F-3035-4817-9123-5D3523027D4B.svs,[242. 242. 242.]
TCGA-DD-A4NK-01Z-00-DX1.4FC242C7-5026-4400-8D8D-7BE954A6DE1E.svs,[238. 234. 235.]
TCGA-DD-A4NL-01Z-00-DX1.70001978-79E2-4831-A2D4-DF666BBE1B09.svs,[242. 242. 241.]
TCGA-DD-A4NN-01Z-00-DX1.B73D4671-5413-478E-951D-731EBC75659F.svs,[241. 241. 241.]
TCGA-DD-A4NO-01Z-00-DX1.0418E7E0-F1C0-421A-A8B2-5E7B15439A6C.svs,[242. 242. 242.]
TCGA-DD-A4NP-01Z-00-DX1.C47D2F15-02F1-4AF2-AB9C-FAEBEC6F754B.svs,[242. 243. 242.]
TCGA-DD-A4NQ-01Z-00-DX1.1D6755EB-58D5-4AA1-ADF4-1EC52B2B3337.svs,[241. 241. 241.]
TCGA-DD-A4NR-01Z-00-DX1.8C4F2D2B-8B71-40F3-BA87-9B6360C526D3.svs,[241. 242. 241.]
TCGA-DD-A4NS-01Z-00-DX1.693CDBAD-EB24-4781-9FB5-DC08E0C8D847.svs,[241. 241. 241.]
TCGA-DD-A4NV-01Z-00-DX1.E8306B87-3CBA-4FF8-90B2-9404CBF8941B.svs,[242. 242. 242.]
TCGA-DD-A73A-01Z-00-DX1.6B409977-53A6-4DD9-9763-2094E5B83942.svs,[235. 234. 235.]
TCGA-DD-A73A-01Z-00-DX2.670C0246-966D-46A9-8E14-7050FFE87031.svs,[242. 242. 241.]
TCGA-ED-A8O5-01Z-00-DX1.5CEE6AED-3D4B-4E72-B166-C502476D3A09.svs,[242. 241. 241.]
TCGA-ED-A8O6-01Z-00-DX1.D202A660-7F62-42F3-85C2-9D71C4DCB89C.svs,[243. 243. 243.]
TCGA-EP-A12J-01Z-00-DX1.25DF2F77-805D-443F-AF69-664F5F45A462.svs,[242. 243. 243.]
TCGA-EP-A12J-01Z-00-DX2.C4D300ED-6AE2-4C9E-8674-BBBE40913330.svs,[242. 243. 242.]
TCGA-EP-A26S-01Z-00-DX1.B7CE79B9-608C-419D-8E93-7856442F7C46.svs,[242. 243. 242.]
TCGA-EP-A2KA-01Z-00-DX1.2B69485D-AE0F-4E14-B90E-2B040ABAD497.svs,[241. 241. 241.]
TCGA-EP-A2KB-01Z-00-DX1.3E8D7A47-8195-4AF7-A9E2-DC6536812A13.svs,[242. 243. 242.]
TCGA-EP-A2KC-01Z-00-DX1.A0D71E19-4C44-495E-8FDB-B12915212875.svs,[243. 244. 243.]
TCGA-EP-A3JL-01Z-00-DX1.E53B8DA5-DD45-43FA-981F-4B793D4EDD33.svs,[242. 242. 242.]
TCGA-EP-A3RK-01Z-00-DX1.687AE495-EF94-43D9-84DC-C11EA71EB1BA.svs,[240. 241. 241.]
TCGA-FV-A23B-01Z-00-DX1.695CFE2D-10E2-4909-8837-454CF20C9B3F.svs,[241. 242. 241.]
TCGA-FV-A2QQ-01Z-00-DX1.69270284-202A-459E-BDAB-74C930A1A2B5.svs,[241. 241. 242.]
TCGA-FV-A2QR-01Z-00-DX1.2A2C52AC-8A5F-4E8E-95FE-C653D424FC21.svs,[241. 241. 241.]
TCGA-FV-A3I1-01Z-00-DX1.853E4122-319B-4425-87B5-E080B3AD6A7A.svs,[243. 243. 243.]
TCGA-FV-A3R2-01Z-00-DX1.B9E286ED-B4A3-44E7-B11F-F2B763083FBC.svs,[243. 243. 243.]
TCGA-FV-A3R3-01Z-00-DX1.29EDF32A-C679-427B-8A04-A601A6E92BE2.svs,[244. 244. 244.]
TCGA-FV-A495-01Z-00-DX1.DB7B5B88-DEAC-4422-A351-9A33FB64F66D.svs,[242. 243. 241.]
TCGA-DD-A116-01Z-00-DX1.F6DC69B0-57AB-483D-9087-909B72028803.svs,[243. 243. 242.]
TCGA-DD-A118-01Z-00-DX1.60B26023-8F1C-4373-A5A5-1279162F4076.svs,[242. 242. 242.]
TCGA-DD-A119-01Z-00-DX1.3FB0547B-D84A-4103-8238-4BF504429371.svs,[243. 243. 243.]
TCGA-DD-A11A-01Z-00-DX1.C3B8B35E-EA9B-4FC9-BB12-B5DEEA9C42EB.svs,[242. 242. 242.]
TCGA-DD-A11B-01Z-00-DX1.3D7A5BDB-62A3-4938-B6C4-890F7C59283A.svs,[242. 242. 241.]
TCGA-DD-A11C-01Z-00-DX1.FBF80337-ED73-4611-8E0F-F3FE8A666DB9.svs,[242. 242. 242.]
TCGA-DD-A11D-01Z-00-DX1.3D607AE3-3910-406F-8EBA-3C1CDA0D34A6.svs,[242. 242. 241.]
TCGA-DD-A11D-01Z-00-DX2.9D235FF6-0C1E-4D89-AAAC-DCD6DD9772D1.svs,[242. 242. 242.]
TCGA-DD-A1EA-01Z-00-DX1.7B151113-D27D-44F0-9E58-2046DAA83810.svs,[242. 242. 242.]
TCGA-DD-A1EB-01Z-00-DX1.705C4FB1-00CA-4726-9589-1F745FCC9729.svs,[243. 243. 243.]
TCGA-DD-A1EC-01Z-00-DX1.3F1B660A-0AD8-4EC9-8830-3BDF86677315.svs,[242. 242. 241.]
TCGA-DD-A1ED-01Z-00-DX1.FE33AE44-0E41-41D9-91DE-6B24394C7AF8.svs,[242. 242. 242.]
TCGA-DD-A1EE-01Z-00-DX1.EC6F7303-3691-4A71-83DC-F04F20E2EEC9.svs,[242. 242. 242.]
TCGA-DD-A1EF-01Z-00-DX1.B5029658-F57D-4CD3-BC4D-D7BA5EB33DFB.svs,[242. 242. 242.]
TCGA-DD-A1EG-01Z-00-DX1.E43637D2-8DB9-4849-BBCB-D8FC243D7B59.svs,[242. 243. 242.]
TCGA-DD-A1EH-01Z-00-DX1.C5B4987E-D0B6-4E50-B3FE-4CF82BFB6353.svs,[242. 242. 242.]
TCGA-DD-A1EI-01Z-00-DX1.17B89079-68F9-43FD-AFEF-499F39248DA7.svs,[241. 241. 241.]
TCGA-DD-A1EJ-01Z-00-DX1.1324C4D5-669E-4168-9F93-01480E2367F3.svs,[242. 242. 241.]
TCGA-DD-AAE4-01Z-00-DX1.DA4A7BC0-918E-4AD0-BA2D-9190B98D6DF5.svs,[242. 243. 242.]
TCGA-DD-AAE6-01Z-00-DX1.A8DE9B19-8C85-47AE-A32A-38AB6F696CE3.svs,[241. 241. 241.]
TCGA-DD-AAE7-01Z-00-DX1.B05AE94A-391A-47C9-A95D-C2DE1ACDE442.svs,[242. 242. 242.]
TCGA-DD-AAE9-01Z-00-DX1.D42910FF-CD70-4747-8BA2-3701A778E1F7.svs,[241. 241. 241.]
TCGA-DD-AAEA-01Z-00-DX1.FEE3F0DC-297E-405A-913F-899ADFC5B899.svs,[242. 242. 242.]
TCGA-DD-AAEB-01Z-00-DX1.160376D2-2D53-4E40-984F-30A79B14D4A5.svs,[241. 241. 241.]
TCGA-DD-AAED-01Z-00-DX1.397DEAF9-2DE5-402E-B0E8-7A01ADF460C7.svs,[240. 240. 240.]
TCGA-DD-AAEE-01Z-00-DX1.7DB85E16-D3BE-4519-9B84-AA6C18172F96.svs,[242. 242. 242.]
TCGA-DD-AAEG-01Z-00-DX1.36DBD35A-105F-44D6-82F8-D3100F4AA552.svs,[242. 242. 242.]
TCGA-DD-AAEH-01Z-00-DX1.588C7665-65A3-43CF-B6AF-C78134667F81.svs,[241. 240. 241.]
TCGA-DD-AAEI-01Z-00-DX1.9EAE527E-FF17-447F-8D7B-6D69A4947029.svs,[242. 239. 240.]
TCGA-DD-AAEK-01Z-00-DX1.EE268947-C582-475F-9639-E8420E61827A.svs,[241. 241. 241.]
TCGA-DD-AAVP-01Z-00-DX1.44A8666F-DF8B-4707-9669-08CCE90486FC.svs,[241. 242. 240.]
TCGA-DD-AAVQ-01Z-00-DX1.B8AF8561-01CD-48DD-8992-B672472F5C25.svs,[241. 242. 240.]
TCGA-DD-AAVR-01Z-00-DX1.76B3FF1D-314E-411E-9C53-42081B374255.svs,[241. 242. 240.]
TCGA-DD-A73G-01Z-00-DX3.4FB46D36-E67A-4F82-B468-D4AD35C0018C.svs,[242. 242. 242.]
TCGA-DD-AAC8-01Z-00-DX1.9B06A570-EE68-494D-8798-8375AB92F895.svs,[242. 240. 241.]
TCGA-DD-AAC9-01Z-00-DX1.825DEDA1-1E85-4D59-80B6-21F15E9A388C.svs,[242. 241. 241.]
TCGA-DD-AACA-01Z-00-DX1.ED6D4169-2474-422F-A36B-6A5EC1D5AD1A.svs,[241. 240. 240.]
TCGA-DD-AACB-01Z-00-DX1.D4A7846E-8B38-4FBA-BAB3-BDAF2EC84E9E.svs,[241. 241. 241.]
TCGA-DD-AACC-01Z-00-DX1.5B3061BB-6716-4253-8510-4D553CBF58A9.svs,[240. 239. 240.]
TCGA-DD-AACD-01Z-00-DX1.1EA42A70-D453-4F92-AD7A-E2462696C985.svs,[240. 239. 240.]
TCGA-DD-AACE-01Z-00-DX1.4453C653-575E-4743-8B16-19322B898922.svs,[242. 240. 240.]
TCGA-DD-AACF-01Z-00-DX1.BD96578C-CE52-4FFB-A320-00A2C6C1596B.svs,[242. 242. 241.]
TCGA-DD-AACG-01Z-00-DX1.7B625854-0DEF-4CD1-9D01-EE685671DE84.svs,[242. 242. 242.]
TCGA-DD-AACH-01Z-00-DX1.55784A4D-D313-4E1D-8BB4-C149361B8108.svs,[240. 240. 240.]
TCGA-DD-AACI-01Z-00-DX1.C2931364-0514-49DB-AC95-02238FCA2EA5.svs,[242. 241. 241.]
TCGA-DD-AACJ-01Z-00-DX1.05506FD0-A106-4A19-929D-162BA04D172A.svs,[242. 242. 242.]
TCGA-UB-A7MC-01Z-00-DX1.464FF827-2C8A-412A-ACB6-EBE209A28404.svs,[242. 242. 242.]
TCGA-UB-A7MD-01Z-00-DX1.F49A3B9F-C7D1-4A58-924E-E759892C5DD4.svs,[242. 242. 242.]
TCGA-UB-A7ME-01Z-00-DX1.4850AD4C-0300-4900-A301-D699FBF2435B.svs,[241. 242. 241.]
TCGA-UB-A7MF-01Z-00-DX1.BED80F46-51CB-4453-B094-DA6B812D1A1A.svs,[242. 242. 242.]
TCGA-UB-AA0U-01Z-00-DX1.FB596ABD-A3B0-4EC8-B154-D751C7BFE0CE.svs,[241. 242. 241.]
TCGA-UB-AA0V-01Z-00-DX1.FB59AF14-B425-488D-94FD-E999D4057468.svs,[242. 242. 242.]
TCGA-WJ-A86L-01Z-00-DX1.2EB59E0F-D5B9-4212-8E31-2CA8529722A1.svs,[241. 242. 241.]
TCGA-WQ-A9G7-01Z-00-DX1.45C6F0D2-3477-410A-B0E7-FF6B2069E7A1.svs,[240. 240. 240.]
TCGA-WQ-AB4B-01Z-00-DX1.00FF0306-D181-4B4F-A1FD-EFF8302ADF95.svs,[242. 242. 242.]
TCGA-WX-AA44-01Z-00-DX1.D84D45E0-A55B-4220-BD44-E0185D690FDF.svs,[242. 242. 242.]
TCGA-WX-AA46-01Z-00-DX1.30A83B36-A242-4846-86D5-F9BA48E42B72.svs,[242. 242. 242.]
TCGA-WX-AA47-01Z-00-DX1.C23C276D-76BE-4985-98F7-5B288C296137.svs,[242. 242. 242.]
TCGA-XR-A8TC-01Z-00-DX1.A77897C4-B208-445E-968D-4EADE6D50BC4.svs,[242. 242. 242.]
TCGA-XR-A8TD-01Z-00-DX1.997D38E5-0CD9-430B-8744-50ADEA71A8AF.svs,[243. 243. 243.]
TCGA-XR-A8TE-01Z-00-DX1.BAA09A5C-74E3-4BF2-B08F-743886222E1B.svs,[242. 243. 242.]
TCGA-G3-A3CK-01Z-00-DX1.A21078FF-0453-4FB6-9CE6-2C5085A1D303.svs,[241. 240. 240.]
TCGA-G3-A5SI-01Z-00-DX1.B9F9513E-0585-48A5-B698-6084A1FC7A3B.svs,[242. 242. 242.]
TCGA-G3-A5SJ-01Z-00-DX1.9218552C-F326-4B10-BCBA-031B32E8F905.svs,[241. 241. 241.]
TCGA-G3-A5SK-01Z-00-DX1.11F1AC62-2C35-4767-9EEA-455157CBBC0B.svs,[241. 241. 241.]
TCGA-G3-A5SL-01Z-00-DX1.AF5CCF01-372C-42A7-BB5D-E8844D981BCD.svs,[241. 242. 242.]
TCGA-G3-A5SM-01Z-00-DX1.FA873103-3FFF-4D83-A405-4A33340D6DC2.svs,[242. 243. 243.]
TCGA-G3-A6UC-01Z-00-DX1.B20F9241-3600-4278-BE8C-27B869AF178A.svs,[240. 240. 240.]
TCGA-G3-A7M5-01Z-00-DX1.4ED66628-519F-4540-937A-37621C1EC814.svs,[241. 241. 241.]
TCGA-G3-A7M6-01Z-00-DX1.550E0F12-BF91-45B1-9FD7-1FEB1F9E9A12.svs,[242. 242. 241.]
TCGA-G3-A7M7-01Z-00-DX1.FE77A8FA-9698-44E1-AEA1-A3A4EADFB586.svs,[241. 242. 241.]
TCGA-G3-A7M8-01Z-00-DX1.5FCC342D-BCBF-4901-85AB-FDF384EDD79D.svs,[239. 239. 240.]
TCGA-G3-AAUZ-01Z-00-DX1.10727DCE-8E78-4B9D-93A0-76A1C4EB57EC.svs,[239. 239. 240.]
TCGA-G3-AAV0-01Z-00-DX1.A91961B7-CCAB-4DD1-BEAC-47E9827D2C34.svs,[241. 241. 241.]
TCGA-G3-AAV1-01Z-00-DX1.BDCF7880-B1B3-4235-8B2E-755EF16A43D5.svs,[241. 242. 241.]
TCGA-G3-AAV2-01Z-00-DX1.3ED62AC3-439B-4971-A710-6BEF87BFF173.svs,[239. 239. 239.]
TCGA-G3-AAV3-01Z-00-DX1.019F0E4A-C36B-4EB8-8089-4796B193D432.svs,[241. 241. 241.]
TCGA-G3-AAV4-01Z-00-DX1.D62F997C-F97A-47FB-BE0D-1A2B18E861A0.svs,[242. 242. 242.]
TCGA-G3-AAV5-01Z-00-DX1.C61A5C6A-9BF2-4AAB-8203-B4896570C1AB.svs,[239. 239. 239.]
TCGA-CC-A3MA-01Z-00-DX1.96F9CA78-2690-4FAF-859A-D3D9CCBA98F1.svs,[241. 241. 241.]
TCGA-CC-A3MB-01Z-00-DX1.5EF235F5-A3B1-4DBB-9D6E-03A9F7CB203F.svs,[241. 241. 241.]
TCGA-CC-A3MC-01Z-00-DX1.680CCC54-8159-42A9-8B66-FEC9228EB8BC.svs,[242. 242. 242.]
TCGA-CC-A5UC-01Z-00-DX1.5844CBD9-61B4-47D3-A5D9-C283926BF710.svs,[241. 241. 241.]
TCGA-CC-A5UD-01Z-00-DX1.1FB4C5D0-BAC8-45E2-81A9-DA54B2A59136.svs,[241. 241. 242.]
TCGA-CC-A5UE-01Z-00-DX1.11245DF8-BDD4-435F-9329-A4F63C24EC88.svs,[241. 241. 241.]
TCGA-CC-A7IE-01Z-00-DX1.1286E91C-EB64-4CEB-878F-436D0E70F275.svs,[242. 242. 242.]
TCGA-CC-A7IF-01Z-00-DX1.F5D74385-ABD3-466D-9DCD-2A762140F633.svs,[238. 237. 235.]
TCGA-CC-A7IG-01Z-00-DX1.2C469468-4E2C-4BAC-B195-5719BB58674A.svs,[239. 238. 236.]
TCGA-CC-A7IH-01Z-00-DX1.3905C6E9-5AD8-4135-8215-9D41DFD61DFA.svs,[242. 242. 241.]
TCGA-CC-A7II-01Z-00-DX1.CD94B00A-3B54-4B9D-98D6-6E26DC0AB2F0.svs,[242. 242. 242.]
TCGA-CC-A7IJ-01Z-00-DX1.525F3A40-46CC-4455-9473-F99BFA2D3572.svs,[242. 242. 242.]
TCGA-CC-A7IK-01Z-00-DX1.AE013D44-A3C6-407B-A295-7E82DBB41C27.svs,[241. 241. 240.]
TCGA-CC-A7IL-01Z-00-DX1.73B59FCC-40C9-40F4-AC8A-EBBEB5884757.svs,[241. 240. 239.]
TCGA-XR-A8TG-01Z-00-DX1.1A6A327A-0980-47DC-A725-E84099175677.svs,[242. 242. 242.]
TCGA-YA-A8S7-01Z-00-DX1.D10024DC-8C08-405A-830D-59D7B063E991.svs,[242. 242. 241.]
TCGA-ZP-A9CV-01Z-00-DX1.7F28538E-E956-492C-9FC7-E560E8D6708E.svs,[242. 242. 241.]
TCGA-ZP-A9CY-01Z-00-DX1.354CE6BB-6B8E-460E-9879-FA5408BBF87B.svs,[241. 241. 241.]
TCGA-ZP-A9CZ-01Z-00-DX1.4650C044-54CF-4901-B676-8D03E3F4DB90.svs,[241. 241. 241.]
TCGA-ZP-A9D0-01Z-00-DX1.D79FA64E-DA46-4FC4-B1E4-CFBC6A56BFBF.svs,[242. 242. 242.]
TCGA-ZP-A9D1-01Z-00-DX1.0DD836AD-8A0C-48ED-823C-54FA449965EF.svs,[242. 242. 241.]
TCGA-ZP-A9D4-01Z-00-DX1.306ADF14-E71A-4E44-BF28-F7733A1937EC.svs,[242. 242. 242.]
TCGA-ZS-A9CD-01Z-00-DX1.1E5C1B05-C126-4565-A951-18106BFDB0B8.svs,[242. 242. 240.]
TCGA-ZS-A9CE-01Z-00-DX1.EA6A0A1F-ACFD-4A6C-A7C4-7CB19EA4BAFB.svs,[242. 243. 242.]
TCGA-ZS-A9CF-01Z-00-DX1.34B7DB68-24A7-46A0-B7D6-EE3344D4919A.svs,[241. 242. 240.]
TCGA-ZS-A9CG-01Z-00-DX1.FEF9A55C-9331-469C-9D13-FCB232136024.svs,[239. 240. 237.]
TCGA-DD-AACL-01Z-00-DX1.C5A948CF-45E0-4CDB-9A3C-01F8D4715FF2.svs,[242. 242. 242.]
TCGA-DD-AACN-01Z-00-DX1.A52D7AD1-DBEE-4AD7-8965-6ABCD224A643.svs,[241. 241. 240.]
TCGA-DD-AACO-01Z-00-DX1.4A6AC96F-3D2B-440A-BB82-693EAF4EC51F.svs,[242. 242. 242.]
TCGA-DD-AACP-01Z-00-DX1.FB073EDC-B0BC-444A-A02E-488F7E03A0F9.svs,[241. 241. 241.]
TCGA-DD-AACQ-01Z-00-DX1.4C609D72-77F6-416E-AC21-40FD85E83D7A.svs,[241. 241. 241.]
TCGA-DD-AACS-01Z-00-DX1.DFB091A6-3B50-48E3-90A9-FEAE4D45DEA0.svs,[242. 242. 242.]
TCGA-DD-AACT-01Z-00-DX1.F9E5C035-69A2-475C-861B-6C810D9BBCE3.svs,[242. 242. 242.]
TCGA-DD-AACU-01Z-00-DX1.6E322E50-8576-4D09-9480-1D2880317178.svs,[241. 241. 241.]
TCGA-DD-AACV-01Z-00-DX1.3DD4E0CF-16BB-4019-827B-632A6026C1F7.svs,[242. 241. 241.]
TCGA-DD-AACW-01Z-00-DX1.F0C8F75B-22C5-4811-BF2E-87BD69C279A8.svs,[241. 241. 241.]
TCGA-DD-AACX-01Z-00-DX1.418C3B7A-3C64-4B3D-8ECA-0B6AF5D0E2CE.svs,[236. 235. 234.]
TCGA-DD-AACY-01Z-00-DX1.53DA507E-E016-4CD5-9DD1-62729FB3C9E8.svs,[242. 243. 242.]
TCGA-DD-AACZ-01Z-00-DX1.A4694008-C87C-458A-A680-AEF131BFB44A.svs,[242. 242. 242.]
TCGA-DD-A1EL-01Z-00-DX1.D9ED1914-414E-4864-8ACF-4FFA2791129E.svs,[242. 242. 241.]
TCGA-DD-A39V-01Z-00-DX1.9988FD7A-099D-4DCA-8CDC-7303E7382D6C.svs,[242. 242. 242.]
TCGA-DD-A39W-01Z-00-DX1.6AFE5FC4-A00C-4818-9963-3B3A08CA5D29.svs,[242. 242. 241.]
TCGA-DD-A39X-01Z-00-DX1.0EA1A820-244A-42CE-B9AC-51946FA79B07.svs,[242. 242. 242.]
TCGA-DD-A39X-01Z-00-DX2.AFC0C74E-529E-4B33-961C-C96AE16C9CFB.svs,[241. 241. 241.]
TCGA-DD-A39Y-01Z-00-DX1.1E9A1503-77C9-4CF4-9F20-E4A22F95D39E.svs,[242. 242. 242.]
TCGA-DD-A39Z-01Z-00-DX1.09A76682-FBCF-4BF8-9A88-B8C89656549B.svs,[241. 242. 241.]
TCGA-DD-A3A1-01Z-00-DX1.B836DA77-CAB4-4991-91A6-A1D46C7C1E99.svs,[235. 233. 232.]
TCGA-DD-A3A2-01Z-00-DX1.19C972E3-0FE2-4E70-98FD-8B35FA3E1B19.svs,[242. 243. 242.]
TCGA-DD-AADJ-01Z-00-DX1.5A0203DC-61A5-48C9-8CE4-749E880BC3BD.svs,[242. 243. 242.]
TCGA-DD-AADK-01Z-00-DX1.85C2C328-8124-443A-A869-FEBA46EC6A20.svs,[242. 243. 242.]
TCGA-DD-AADL-01Z-00-DX1.D688D1A6-418A-41A4-83A8-FDA0CAC26F7E.svs,[242. 242. 242.]
TCGA-DD-AADM-01Z-00-DX1.30B60444-4EC3-4E81-B9F0-2FE65307BA2E.svs,[243. 243. 243.]
TCGA-DD-AADN-01Z-00-DX1.0C031278-22F9-40DE-9CFC-48A93EF8B8D8.svs,[242. 242. 242.]
TCGA-DD-AADO-01Z-00-DX1.957DAAA4-2D95-4737-A69E-AAC2FD0A8FB7.svs,[241. 241. 241.]
TCGA-DD-AADP-01Z-00-DX1.D15DCDF5-7D22-4ED9-ACE2-A6CB9541C9B6.svs,[242. 242. 242.]
TCGA-DD-AADQ-01Z-00-DX1.17B7638D-F418-4486-9BB9-B708F1BC52C9.svs,[242. 241. 242.]
TCGA-DD-AADR-01Z-00-DX1.A29CD802-5F9B-49FD-96AA-8B06E97442BE.svs,[242. 242. 242.]
TCGA-DD-AADS-01Z-00-DX1.A147E3F6-065A-4313-A16B-09C024B532B5.svs,[242. 241. 241.]
TCGA-DD-AADU-01Z-00-DX1.8DF049B2-F949-46CB-ADD4-FA43C7949254.svs,[242. 242. 242.]
TCGA-DD-AADV-01Z-00-DX1.CA1E7E26-5DF6-40E9-859A-DF970EC24C08.svs,[242. 242. 241.]
TCGA-DD-AADW-01Z-00-DX1.3E9241DE-1569-4848-8C15-A8BA2BA2BF8F.svs,[242. 242. 242.]
TCGA-DD-AADY-01Z-00-DX1.178DA812-24C2-4018-BDB4-6BB63069DF60.svs,[241. 241. 241.]
TCGA-DD-AAE0-01Z-00-DX1.0F30D65A-A9B0-4098-940E-B9DA702B692F.svs,[242. 242. 242.]
TCGA-DD-AAE1-01Z-00-DX1.D7B815DA-36EF-4388-9307-EE17F06400E7.svs,[242. 242. 242.]
TCGA-DD-AAE2-01Z-00-DX1.AEA44526-4EA2-4EBC-B7A2-C51206B0482D.svs,[242. 243. 242.]
TCGA-NI-A4U2-01Z-00-DX1.5D27F214-BD72-42E6-A177-D8F47479B9D2.svs,[241. 242. 241.]
TCGA-NI-A8LF-01Z-00-DX1.7CA2EA95-B567-44D3-A9DD-F1D93A4EE676.svs,[242. 242. 242.]
TCGA-O8-A75V-01Z-00-DX1.A08377F6-2364-4397-AB5A-84A9EED087D8.svs,[242. 243. 243.]
TCGA-PD-A5DF-01Z-00-DX1.B7E4EDA0-1168-45E4-A18E-5BD247D7DEA6.svs,[242. 243. 242.]
TCGA-QA-A7B7-01Z-00-DX1.F43A1254-D4C4-4B87-9B66-46AB4DF0D76A.svs,[227. 233. 233.]
TCGA-RC-A6M3-01Z-00-DX1.5B63A6E7-F016-4CA5-9C67-BF1E0F17B10F.svs,[242. 242. 242.]
TCGA-RC-A6M4-01Z-00-DX1.94EFD979-FEEF-406D-8253-EC9969682615.svs,[233. 227. 233.]
TCGA-RC-A6M6-01Z-00-DX1.02120025-8890-45C8-AD77-5E8C4711BC70.svs,[240. 239. 240.]
TCGA-RC-A7S9-01Z-00-DX1.B8EF745F-94C1-4115-9B27-EB0C08C053E2.svs,[241. 241. 241.]
TCGA-RC-A7SB-01Z-00-DX1.2F9AD3F0-68C1-443F-9E4C-47DB92302543.svs,[242. 241. 241.]
TCGA-RC-A7SF-01Z-00-DX1.F37E60B9-A340-4758-BE3C-C4675F6F5671.svs,[241. 240. 240.]
TCGA-RC-A7SH-01Z-00-DX1.96A1F4A5-ACE6-4EE6-9D41-9018F235A629.svs,[241. 242. 241.]
TCGA-RC-A7SK-01Z-00-DX1.CFA752EE-2F7E-4185-ACCE-AFC394FEF5EC.svs,[242. 242. 242.]
TCGA-RG-A7D4-01Z-00-DX1.B0C04199-EBD0-4E2A-AA37-F2D133A2C02D.svs,[242. 242. 242.]
TCGA-T1-A6J8-01Z-00-DX1.013DA5DA-0753-4EBC-99D9-F8817059A202.svs,[241. 241. 241.]
TCGA-DD-AAD0-01Z-00-DX1.75FBED13-0A98-4CEB-823A-CF6154923F4E.svs,[242. 241. 241.]
TCGA-DD-AADI-01Z-00-DX1.99CC6437-F10A-4C90-BDCE-7CE200A4275F.svs,[242. 241. 241.]
TCGA-DD-AAE3-01Z-00-DX1.9AE5BD2A-2106-4BF9-8C63-1983F18EFA5D.svs,[243. 243. 243.]
TCGA-DD-AAVS-01Z-00-DX1.F0E46BAD-903A-4325-B761-BBD9BAA85815.svs,[241. 241. 239.]
TCGA-ED-A459-01Z-00-DX1.A77E9327-2BD2-48EA-9C9C-79CC360E19A6.svs,[243. 243. 243.]
TCGA-ED-A7XP-01Z-00-DX1.B0EF8C2B-9A52-4FCB-8F23-A84D844F069F.svs,[243. 243. 243.]
TCGA-FV-A496-01Z-00-DX1.A74E56AD-6716-4BE0-80EA-8EFF3CBE0BCE.svs,[242. 243. 241.]
TCGA-G3-A3CJ-01Z-00-DX1.80279A8A-38D9-4B23-8A83-E32D8C4FC6EA.svs,[241. 241. 241.]
TCGA-G3-AAV6-01Z-00-DX1.F4D85E6A-7F71-47D4-BEB6-984FDD218A9F.svs,[241. 241. 241.]
TCGA-MR-A520-01Z-00-DX1.2F323BAC-56C9-4A0C-9C1B-2B4F776056B4.svs,[245. 245. 245.]
TCGA-UB-A7MB-01Z-00-DX1.974C60BF-CDDF-4F34-8056-385A1E352628.svs,[242. 243. 242.]
TCGA-XR-A8TF-01Z-00-DX1.EE03EEDB-8F11-4E03-80FC-EFDE81F08B15.svs,[242. 242. 242.]
TCGA-DD-AAVU-01Z-00-DX1.304704A9-9D90-4FD7-92A1-6361114D71C4.svs,[242. 243. 241.]
TCGA-DD-AAVV-01Z-00-DX1.3D5D6344-3D03-4DCF-A82A-A03ECA4851DC.svs,[242. 243. 241.]
TCGA-DD-AAVW-01Z-00-DX1.3EFC0BF5-1FA7-403F-A2EA-34071D8D7D6B.svs,[242. 242. 242.]
TCGA-DD-AAVX-01Z-00-DX1.65F60D67-0C1B-4192-BDB7-11B8383C190A.svs,[242. 242. 241.]
TCGA-DD-AAVY-01Z-00-DX1.2EA5B700-35D7-49C6-AA0D-C45AF6DEE9C6.svs,[242. 243. 241.]
TCGA-DD-AAVZ-01Z-00-DX1.8C021D9A-1613-41C4-86CD-5E16402FFB49.svs,[242. 243. 240.]
TCGA-DD-AAW0-01Z-00-DX1.6609C7DD-A1C1-401A-88C7-4C0FDADC11EE.svs,[242. 243. 241.]
TCGA-DD-AAW1-01Z-00-DX1.60B3D3BB-18B3-4C01-B750-76BFCB1816D6.svs,[241. 240. 239.]
TCGA-DD-AAW2-01Z-00-DX1.D448A525-BFDC-4A20-BA05-C3A1B32A8158.svs,[242. 243. 241.]
TCGA-DD-AAW3-01Z-00-DX1.A1804EF9-E7AE-4D04-969F-DE0D2AC55916.svs,[242. 242. 241.]
TCGA-CC-A8HT-01Z-00-DX1.F286B878-F5F9-4D02-B626-28C3BE8B20A0.svs,[243. 243. 243.]
TCGA-CC-A8HU-01Z-00-DX1.6B01A0BF-8E53-4783-AA97-5A2AB2C0C52C.svs,[235. 234. 231.]
TCGA-CC-A8HV-01Z-00-DX1.28E50E5D-B742-4FFC-A52F-900F907FBADA.svs,[242. 242. 241.]
TCGA-CC-A9FS-01Z-00-DX1.DBE01DEE-CEF0-4224-BB06-DDD687000770.svs,[242. 242. 241.]
TCGA-CC-A9FU-01Z-00-DX1.DC790527-1973-4609-AB9A-271246B36918.svs,[242. 242. 242.]
TCGA-CC-A9FV-01Z-00-DX1.CAD4920E-4EE4-45C3-950C-DB2B8A824D28.svs,[241. 240. 241.]
TCGA-CC-A9FW-01Z-00-DX1.79859B4E-01AB-4499-B27F-80EF4B8321FA.svs,[241. 241. 241.]
TCGA-DD-A113-01Z-00-DX1.026FB7DE-F04F-4839-9A44-170B806E3415.svs,[241. 241. 241.]
TCGA-DD-A113-01Z-00-DX2.E4CE9495-B15C-41B8-862A-C30383CCD3A6.svs,[242. 242. 241.]
TCGA-DD-A114-01Z-00-DX1.2A8C5243-29C4-419D-8FD0-C41D06F22972.svs,[242. 242. 241.]
TCGA-FV-A4ZP-01Z-00-DX1.4B78C21C-8033-4870-82D9-5B127D3AF228.svs,[243. 244. 242.]
TCGA-FV-A4ZQ-01Z-00-DX1.B77F6D70-5490-4EEE-8838-8654B9928918.svs,[242. 242. 241.]
TCGA-G3-A25S-01Z-00-DX1.52D3A6BB-A728-4651-A394-EACBEE29B106.svs,[241. 242. 241.]
TCGA-G3-A25T-01Z-00-DX1.CCF8DDAC-E0D7-477E-AF10-633A71C7D046.svs,[241. 241. 241.]
TCGA-G3-A25U-01Z-00-DX1.58E9FA46-A94E-4DD6-8F36-DC893DD8BB80.svs,[241. 241. 241.]
TCGA-G3-A25V-01Z-00-DX1.8A9025AC-513D-4BC8-B84C-36A5CB350368.svs,[242. 242. 242.]
TCGA-G3-A25X-01Z-00-DX1.DFFE8026-F75F-4AB6-962B-D3970A720E8C.svs,[242. 242. 242.]
TCGA-G3-A25Y-01Z-00-DX1.C6BF2202-9030-4460-B0F5-E846C8A44C1E.svs,[241. 240. 240.]
TCGA-G3-A25Z-01Z-00-DX1.3BD92D82-195F-41EF-AFA2-B9BF61A0552E.svs,[242. 242. 241.]
TCGA-G3-A3CH-01Z-00-DX1.EA1C12F1-0A52-418D-845E-C99E57D21260.svs,[242. 242. 242.]
TCGA-G3-A3CI-01Z-00-DX1.64A4D1B3-70C7-4E41-9096-20F6FE9C656C.svs,[241. 240. 240.]
TCGA-BC-A8YO-01Z-00-DX1.F5E0326A-43A6-4DCC-A331-335740E30D19.svs,[242. 242. 242.]
TCGA-BW-A5NO-01Z-00-DX1.55133D96-C98B-4E7F-9DC0-8761031C7C93.svs,[241. 242. 241.]
TCGA-BW-A5NP-01Z-00-DX1.904A8D68-1AF5-4E99-A420-5D6E951ABB9D.svs,[241. 241. 240.]
TCGA-BW-A5NQ-01Z-00-DX1.F5543010-CBEB-4BA3-8402-1332A8617A76.svs,[241. 241. 240.]
TCGA-CC-5258-01Z-00-DX1.5183124B-973C-4583-B9E0-FB7015E2DC1B.svs,[242. 242. 242.]
TCGA-CC-5259-01Z-00-DX1.D18B2F62-0CC0-4665-90E3-7DB6817F2FF8.svs,[242. 242. 242.]
TCGA-CC-5261-01Z-00-DX1.475D05D8-FC25-4B9F-B601-6AD5208FE8EE.svs,[241. 240. 240.]
TCGA-CC-5262-01Z-00-DX1.B750BE18-3C41-4355-A8CE-20FCEB1CB2C9.svs,[242. 242. 242.]
TCGA-CC-5263-01Z-00-DX1.9CB478BC-3470-4930-976B-0419B180D57F.svs,[241. 241. 241.]
TCGA-CC-5264-01Z-00-DX1.11E7D28A-D9CD-4CDF-898C-7CA6C6940A4A.svs,[241. 239. 239.]
TCGA-CC-A123-01Z-00-DX1.61EEFACB-9576-414C-AC21-20CBC6DC1D05.svs,[241. 241. 242.]
TCGA-CC-A1HT-01Z-00-DX1.1E2B820B-BCFB-46B8-A43B-CA5F94F0A6D1.svs,[243. 243. 243.]
TCGA-DD-A3A3-01Z-00-DX2.DFFCFEB0-E710-4559-BDCF-1492641DBDD4.svs,[242. 242. 242.]
TCGA-DD-A3A4-01Z-00-DX1.A79D22BF-3D01-47F8-BFDC-E761FED7A663.svs,[242. 241. 241.]
TCGA-DD-A3A5-01Z-00-DX1.F0D4C0AA-30C3-4954-9367-A63D9E68D2C9.svs,[242. 242. 242.]
TCGA-DD-A3A6-01Z-00-DX1.FCF4A7E7-A0F9-4B5D-B751-D990703EA261.svs,[242. 242. 242.]
TCGA-DD-A3A7-01Z-00-DX1.06874442-70F2-4A3D-BF0D-BD8DC1F13A75.svs,[242. 242. 242.]
TCGA-DD-A3A8-01Z-00-DX1.94F0BAEE-80BC-4B2D-AA75-63EE77100A7E.svs,[242. 242. 242.]
TCGA-DD-A3A9-01Z-00-DX1.BC4A83DE-516A-4C64-9E86-834E8CFD6135.svs,[242. 242. 242.]
TCGA-DD-A4ND-01Z-00-DX1.55D61F34-B93A-4555-8348-3EDD40B01066.svs,[242. 242. 242.]
TCGA-DD-A4NE-01Z-00-DX1.9BF7F661-E703-4A85-88F2-D6631E9746FE.svs,[242. 243. 242.]
TCGA-DD-A4NF-01Z-00-DX1.A876C169-BA5A-4ACF-A6F1-5B0558CE0392.svs,[242. 242. 242.]
TCGA-DD-A4NG-01Z-00-DX1.820CDD76-6463-43A2-92E5-152BF4B5D7A2.svs,[242. 242. 242.]
TCGA-DD-A4NH-01Z-00-DX1.CBB24A69-786B-4979-8140-D194A9EEDFF1.svs,[242. 242. 242.]
TCGA-DD-A4NI-01Z-00-DX1.832FA415-8AEA-4D73-B073-D6D105CDCEFB.svs,[242. 243. 242.]
TCGA-DD-A73B-01Z-00-DX2.F113B65F-8273-4469-87CF-C0CF5637D530.svs,[242. 243. 242.]
TCGA-DD-A73C-01Z-00-DX1.B31DD97B-0C66-4404-9521-4CE5661CA0C4.svs,[235. 234. 235.]
TCGA-DD-A73C-01Z-00-DX2.616264EE-93CE-4E2F-A4DA-1CD3663A4F3C.svs,[243. 243. 242.]
TCGA-DD-A73D-01Z-00-DX1.455790BB-767B-458D-A90E-046FD47D0A92.svs,[234. 234. 235.]
TCGA-DD-A73D-01Z-00-DX2.2492EB08-62D6-41F7-A612-4982F5360C64.svs,[242. 243. 242.]
TCGA-DD-A73E-01Z-00-DX1.E80B5E5D-BE89-4BD1-A4E3-EEA26027D6E0.svs,[235. 234. 235.]
TCGA-DD-A73E-01Z-00-DX2.B2A1AD8B-0875-4684-9A60-1E9F3CE89BA8.svs,[241. 241. 241.]
TCGA-DD-A73F-01Z-00-DX1.94618B17-5501-4011-A634-A0669DDCCD2E.svs,[234. 234. 235.]
TCGA-DD-A73G-01Z-00-DX1.F5AB3B95-268C-44DA-9D42-7A7B5E1D8516.svs,[234. 234. 235.]
TCGA-ED-A4XI-01Z-00-DX1.8D26B3DB-1FBC-4FF2-B3F2-65D2655A6F60.svs,[241. 241. 241.]
TCGA-ED-A5KG-01Z-00-DX1.76622341-8248-4674-87B6-AEDAA3857D9B.svs,[242. 242. 241.]
TCGA-ED-A66X-01Z-00-DX1.281B3FB5-0088-4D8C-9CC2-4F59F21DA6A6.svs,[242. 242. 241.]
TCGA-ED-A66Y-01Z-00-DX1.862F9BC8-30B7-4A6B-91C3-9548D5C45910.svs,[242. 242. 242.]
TCGA-ED-A7PX-01Z-00-DX1.D75A1B1F-7062-44D6-8BF0-B511BAF8E45B.svs,[242. 242. 241.]
TCGA-ED-A7PY-01Z-00-DX1.6649AC67-F6EE-4CFC-9A95-FD17630CF440.svs,[242. 242. 241.]
TCGA-ED-A7PZ-01Z-00-DX1.CD9C0D80-4E6C-40EF-BF56-54BD7EFDBDC1.svs,[242. 242. 241.]
TCGA-ED-A7XO-01Z-00-DX1.376C5681-8D9D-4D2E-AA22-8A0E2AE16FF5.svs,[239. 237. 237.]
